auid,compound,status,output_file,source_file,source_url,aurl,catalog,species,nspecies,natoms,spacegroup_orig,spacegroup_relax,pearson_orig,pearson_relax,prototype_orig,prototype_relax,band_gap_eV,formation_enthalpy_eV_atom,aflowlib_date,aflowlib_version,error
aflow:0502a3031799f5f3,Na2O24P6Sn4,downloaded,E:\work\worklist\pull_file\aflow_nasicon\cif\Na2O24P6Sn4__ICSD__0502a3031799f5f3.cif,Na1O12P3Sn2_ICSD_72216.cif,https://aflowlib.duke.edu/AFLOWDATA/ICSD_WEB/TRI/Na1O12P3Sn2_ICSD_72216/Na1O12P3Sn2_ICSD_72216.cif,aflowlib.duke.edu:AFLOWDATA/ICSD_WEB/TRI/Na1O12P3Sn2_ICSD_72216,ICSD,"Na,O,P,Sn",4,36,1,148,aP36,hR36,AB12C3D2_aP36_1_2a_24a_6a_4a,AB12C3D2_hR36_148_ab_4f_f_2c,2.7655,None,"['20170423_03:31:46_GMT-4', '20170424_10:50:09_GMT-4', '20210831_05:55:42_GMT-4']",3.2.11,
aflow:064ebd8594ead917,F2Na2O8P2Y2,downloaded,E:\work\worklist\pull_file\aflow_nasicon\cif\F2Na2O8P2Y2__ICSD__064ebd8594ead917.cif,F1Na1O4P1Y1_ICSD_51463.cif,https://aflowlib.duke.edu/AFLOWDATA/ICSD_WEB/MCLC/F1Na1O4P1Y1_ICSD_51463/F1Na1O4P1Y1_ICSD_51463.cif,aflowlib.duke.edu:AFLOWDATA/ICSD_WEB/MCLC/F1Na1O4P1Y1_ICSD_51463,ICSD,"F,Na,O,P,Y",5,16,12,12,mS32,mS32,ABC4DE_mC32_12_i_g_2ij_i_i,ABC4DE_mC32_12_i_g_2ij_i_i,5.491,-2.97026,"['20100911_18:57:47_GMT-4', '20100911_19:39:26_GMT-4', '20210902_11:20:23_GMT-4']",3.2.11,
aflow:0b9e1881f57f64cc,Na8O24P6Sc4,downloaded,E:\work\worklist\pull_file\aflow_nasicon\cif\Na8O24P6Sc4__ICSD__0b9e1881f57f64cc.cif,Na4O12P3Sc2_ICSD_202833.cif,https://aflowlib.duke.edu/AFLOWDATA/ICSD_WEB/MCLC/Na4O12P3Sc2_ICSD_202833/Na4O12P3Sc2_ICSD_202833.cif,aflowlib.duke.edu:AFLOWDATA/ICSD_WEB/MCLC/Na4O12P3Sc2_ICSD_202833,ICSD,"Na,O,P,Sc",4,42,15,167,mS84,hR42,A4B12C3D2_mC84_15_aef_6f_ef_f,A4B12C3D2_hR42_167_be_2f_e_c,0,None,"['20130319_14:31:43_GMT-4', '20130325_16:34:33_GMT-4', '20210902_15:16:11_GMT-4']",3.2.11,
aflow:0e95ae61382459cf,Na4Nb8O32P4,downloaded,E:\work\worklist\pull_file\aflow_nasicon\cif\Na4Nb8O32P4__ICSD__0e95ae61382459cf.cif,Na4Nb8O32P4_ICSD_80653.cif,https://aflowlib.duke.edu/AFLOWDATA/ICSD_WEB/MCL/Na4Nb8O32P4_ICSD_80653/Na4Nb8O32P4_ICSD_80653.cif,aflowlib.duke.edu:AFLOWDATA/ICSD_WEB/MCL/Na4Nb8O32P4_ICSD_80653,ICSD,"Na,Nb,O,P",4,48,4,4,mP48,mP48,AB2C8D_mP48_4_2a_4a_16a_2a,AB2C8D_mP48_4_2a_4a_16a_2a,2.2858,None,"['20180418_20:54:35_GMT-4', '20180421_03:04:30_GMT-4', '20210901_01:55:47_GMT-4']",3.2.11,
aflow:0f12af4e8e6045c0,N4Na12O36P12Ti4,downloaded,E:\work\worklist\pull_file\aflow_nasicon\cif\N4Na12O36P12Ti4__ICSD__0f12af4e8e6045c0.cif,N1Na3O9P3Ti1_ICSD_172056.cif,https://aflowlib.duke.edu/AFLOWDATA/ICSD_WEB/CUB/N1Na3O9P3Ti1_ICSD_172056/N1Na3O9P3Ti1_ICSD_172056.cif,aflowlib.duke.edu:AFLOWDATA/ICSD_WEB/CUB/N1Na3O9P3Ti1_ICSD_172056,ICSD,"N,Na,O,P,Ti",5,68,198,198,cP68,cP68,AB3C9D3E_cP68_198_a_3a_3b_b_a,AB3C9D3E_cP68_198_a_3a_3b_b_a,2.9659,None,"['20130409_10:52:17_GMT-4', '20130413_08:01:21_GMT-4', '20210901_13:22:44_GMT-4']",3.2.11,
aflow:1569847d9acac785,Na2O14P4Y2,downloaded,E:\work\worklist\pull_file\aflow_nasicon\cif\Na2O14P4Y2__ICSD__1569847d9acac785.cif,Na1O7P2Y1_ICSD_83657.cif,https://aflowlib.duke.edu/AFLOWDATA/ICSD_WEB/MCL/Na1O7P2Y1_ICSD_83657/Na1O7P2Y1_ICSD_83657.cif,aflowlib.duke.edu:AFLOWDATA/ICSD_WEB/MCL/Na1O7P2Y1_ICSD_83657,ICSD,"Na,O,P,Y",4,22,4,4,mP22,mP22,AB7C2D_mP22_4_a_7a_2a_a,AB7C2D_mP22_4_a_7a_2a_a,5.2755,-2.6949,"['20150114_08:19:37_GMT-5', '20150115_17:31:33_GMT-5', '20210901_11:53:07_GMT-4']",3.2.11,
aflow:17d820a59e4ffc7d,Fe2Na6O16P4,downloaded,E:\work\worklist\pull_file\aflow_nasicon\cif\Fe2Na6O16P4__ICSD__17d820a59e4ffc7d.cif,Fe1Na3O8P2_ICSD_85558.cif,https://aflowlib.duke.edu/AFLOWDATA/ICSD_WEB/MCLC/Fe1Na3O8P2_ICSD_85558/Fe1Na3O8P2_ICSD_85558.cif,aflowlib.duke.edu:AFLOWDATA/ICSD_WEB/MCLC/Fe1Na3O8P2_ICSD_85558,ICSD,"Fe,Na,O,P",4,28,15,15,mS56,mS56,AB3C8D2_mC56_15_c_ef_4f_f,AB3C8D2_mC56_15_c_ef_4f_f,2.2336,None,"['20160621_07:51:47_GMT-4', '20160622_11:34:00_GMT-4', '20210902_16:58:01_GMT-4']",3.2.11,
aflow:1be7950739d68923,Fe6Na6O32P8,downloaded,E:\work\worklist\pull_file\aflow_nasicon\cif\Fe6Na6O32P8__ICSD__1be7950739d68923.cif,Fe3Na3O16P4_ICSD_95532.cif,https://aflowlib.duke.edu/AFLOWDATA/ICSD_WEB/MCLC/Fe3Na3O16P4_ICSD_95532/Fe3Na3O16P4_ICSD_95532.cif,aflowlib.duke.edu:AFLOWDATA/ICSD_WEB/MCLC/Fe3Na3O16P4_ICSD_95532,ICSD,"Fe,Na,O,P",4,52,15,15,mS104,mS104,A3B3C16D4_mC104_15_cf_ef_8f_2f,A3B3C16D4_mC104_15_cf_ef_8f_2f,2.0579,None,"['20170807_11:16:27_GMT-4', '20170810_14:11:25_GMT-4', '20210902_10:54:47_GMT-4']",3.2.11,
aflow:231e0f3bd1f59574,Na2O24P6Ti4,downloaded,E:\work\worklist\pull_file\aflow_nasicon\cif\Na2O24P6Ti4__ICSD__231e0f3bd1f59574.cif,Na1O12P3Ti2_ICSD_203038.cif,https://aflowlib.duke.edu/AFLOWDATA/ICSD_WEB/RHL/Na1O12P3Ti2_ICSD_203038/Na1O12P3Ti2_ICSD_203038.cif,aflowlib.duke.edu:AFLOWDATA/ICSD_WEB/RHL/Na1O12P3Ti2_ICSD_203038,ICSD,"Na,O,P,Ti",4,36,167,167,hR36,hR36,AB12C3D2_hR36_167_b_2f_e_c,AB12C3D2_hR36_167_b_2f_e_c,2.8523,None,"['20170420_14:09:11_GMT-4', '20170420_23:40:46_GMT-4', '20210830_22:02:46_GMT-4']",3.2.11,
aflow:2919607709cecd5c,In4Na6O24P6,downloaded,E:\work\worklist\pull_file\aflow_nasicon\cif\In4Na6O24P6__ICSD__2919607709cecd5c.cif,In2Na3O12P3_ICSD_84776.cif,https://aflowlib.duke.edu/AFLOWDATA/ICSD_WEB/MCLC/In2Na3O12P3_ICSD_84776/In2Na3O12P3_ICSD_84776.cif,aflowlib.duke.edu:AFLOWDATA/ICSD_WEB/MCLC/In2Na3O12P3_ICSD_84776,ICSD,"In,Na,O,P",4,40,15,15,mS80,mS80,A2B3C12D3_mC80_15_f_c2e_6f_ef,A2B3C12D3_mC80_15_f_c2e_6f_ef,3.3605,None,"['20170511_13:17:33_GMT-4', '20170512_02:07:19_GMT-4', '20210902_14:54:29_GMT-4']",3.2.11,
aflow:2ffb9e9998c5e085,Na2O24P6Sn8,downloaded,E:\work\worklist\pull_file\aflow_nasicon\cif\Na2O24P6Sn8__ICSD__2ffb9e9998c5e085.cif,Na1O12P3Sn4_ICSD_413552.cif,https://aflowlib.duke.edu/AFLOWDATA/ICSD_WEB/RHL/Na1O12P3Sn4_ICSD_413552/Na1O12P3Sn4_ICSD_413552.cif,aflowlib.duke.edu:AFLOWDATA/ICSD_WEB/RHL/Na1O12P3Sn4_ICSD_413552,ICSD,"Na,O,P,Sn",4,40,161,161,hR40,hR40,AB12C3D4_hR40_161_a_4b_b_ab,AB12C3D4_hR40_161_a_4b_b_ab,3.7432,None,"['20170515_17:31:25_GMT-4', '20170516_19:52:43_GMT-4', '20210830_18:55:34_GMT-4']",3.2.11,
aflow:31a04251c00ef329,Na2O24P6Ti4,downloaded,E:\work\worklist\pull_file\aflow_nasicon\cif\Na2O24P6Ti4__ICSD__31a04251c00ef329.cif,Na1O12P3Ti2_ICSD_203042.cif,https://aflowlib.duke.edu/AFLOWDATA/ICSD_WEB/RHL/Na1O12P3Ti2_ICSD_203042/Na1O12P3Ti2_ICSD_203042.cif,aflowlib.duke.edu:AFLOWDATA/ICSD_WEB/RHL/Na1O12P3Ti2_ICSD_203042,ICSD,"Na,O,P,Ti",4,36,167,167,hR36,hR36,AB12C3D2_hR36_167_b_2f_e_c,AB12C3D2_hR36_167_b_2f_e_c,2.8497,None,"['20140923_09:44:41_GMT-4', '20140927_07:25:16_GMT-4', '20210830_17:50:57_GMT-4']",3.2.11,
aflow:32aba88a23b366e8,Al2H4Na6O18P4,downloaded,E:\work\worklist\pull_file\aflow_nasicon\cif\Al2H4Na6O18P4__ICSD__32aba88a23b366e8.cif,Al1H2Na3O9P2_ICSD_84643.cif,https://aflowlib.duke.edu/AFLOWDATA/ICSD_WEB/MCLC/Al1H2Na3O9P2_ICSD_84643/Al1H2Na3O9P2_ICSD_84643.cif,aflowlib.duke.edu:AFLOWDATA/ICSD_WEB/MCLC/Al1H2Na3O9P2_ICSD_84643,ICSD,"Al,H,Na,O,P",5,34,12,12,mS68,mS68,AB2C3D9E2_mC68_12_e_2i_fgi_5i2j_2i,AB2C3D9E2_mC68_12_e_2i_fgi_5i2j_2i,4.5093,-2.20789,"['20140706_20:13:19_GMT-4', '20140708_08:44:45_GMT-4', '20210902_16:04:28_GMT-4']",3.2.11,
aflow:396f5cd73c51a67e,Al4N4Na12O36P12,downloaded,E:\work\worklist\pull_file\aflow_nasicon\cif\Al4N4Na12O36P12__ICSD__396f5cd73c51a67e.cif,Al1N1Na3O9P3_ICSD_75366.cif,https://aflowlib.duke.edu/AFLOWDATA/ICSD_WEB/CUB/Al1N1Na3O9P3_ICSD_75366/Al1N1Na3O9P3_ICSD_75366.cif,aflowlib.duke.edu:AFLOWDATA/ICSD_WEB/CUB/Al1N1Na3O9P3_ICSD_75366,ICSD,"Al,N,Na,O,P",5,68,198,198,cP68,cP68,ABC3D9E3_cP68_198_a_a_3a_3b_b,ABC3D9E3_cP68_198_a_a_3a_3b_b,5.003,-2.2758,"['20140817_16:15:21_GMT-4', '20140821_02:43:54_GMT-4', '20210901_13:36:47_GMT-4']",3.2.11,
aflow:3a92aeb46170b5d8,In2Na6O16P4,downloaded,E:\work\worklist\pull_file\aflow_nasicon\cif\In2Na6O16P4__ICSD__3a92aeb46170b5d8.cif,In1Na3O8P2_ICSD_90941.cif,https://aflowlib.duke.edu/AFLOWDATA/ICSD_WEB/MCL/In1Na3O8P2_ICSD_90941/In1Na3O8P2_ICSD_90941.cif,aflowlib.duke.edu:AFLOWDATA/ICSD_WEB/MCL/In1Na3O8P2_ICSD_90941,ICSD,"In,Na,O,P",4,28,11,11,mP28,mP28,AB3C8D2_mP28_11_e_3e_4e2f_2e,AB3C8D2_mP28_11_e_3e_4e2f_2e,3.3927,None,"['20160717_15:33:55_GMT-4', '20160718_18:49:25_GMT-4', '20210901_11:44:46_GMT-4']",3.2.11,
aflow:3f0ebd4d52fe6a4f,Al2F2Na2O8P2,downloaded,E:\work\worklist\pull_file\aflow_nasicon\cif\Al2F2Na2O8P2__ICSD__3f0ebd4d52fe6a4f.cif,Al1F1Na1O4P1_ICSD_40522.cif,https://aflowlib.duke.edu/AFLOWDATA/ICSD_WEB/MCLC/Al1F1Na1O4P1_ICSD_40522/Al1F1Na1O4P1_ICSD_40522.cif,aflowlib.duke.edu:AFLOWDATA/ICSD_WEB/MCLC/Al1F1Na1O4P1_ICSD_40522,ICSD,"Al,F,Na,O,P",5,16,15,15,mS32,mS32,ABCD4E_mC32_15_c_e_e_2f_e,ABCD4E_mC32_15_c_e_e_2f_e,5.4423,-2.71742,"['20150112_00:13:41_GMT-5', '20150112_09:01:36_GMT-5', '20210902_13:21:42_GMT-4']",3.2.11,
aflow:4219ecef6824cfcc,Fe4Na4O16P4,downloaded,E:\work\worklist\pull_file\aflow_nasicon\cif\Fe4Na4O16P4__ICSD__4219ecef6824cfcc.cif,Fe1Na1O4P1_ICSD_85671.cif,https://aflowlib.duke.edu/AFLOWDATA/ICSD_WEB/ORC/Fe1Na1O4P1_ICSD_85671/Fe1Na1O4P1_ICSD_85671.cif,aflowlib.duke.edu:AFLOWDATA/ICSD_WEB/ORC/Fe1Na1O4P1_ICSD_85671,ICSD,"Fe,Na,O,P",4,28,62,62,oP28,oP28,ABC4D_oP28_62_a_c_2cd_c,ABC4D_oP28_62_a_c_2cd_c,3.4946,None,"['20160629_19:54:52_GMT-4', '20160630_15:53:10_GMT-4', '20210901_19:05:45_GMT-4']",3.2.11,
aflow:4651fdc8cdcfcea1,B2Fe2H6Na2O20P4,downloaded,E:\work\worklist\pull_file\aflow_nasicon\cif\B2Fe2H6Na2O20P4__ICSD__4651fdc8cdcfcea1.cif,B1Fe1H3Na1O10P2_ICSD_407796.cif,https://aflowlib.duke.edu/AFLOWDATA/ICSD_WEB/MCLC/B1Fe1H3Na1O10P2_ICSD_407796/B1Fe1H3Na1O10P2_ICSD_407796.cif,aflowlib.duke.edu:AFLOWDATA/ICSD_WEB/MCLC/B1Fe1H3Na1O10P2_ICSD_407796,ICSD,"B,Fe,H,Na,O,P",6,36,15,15,mS72,mS72,ABC3DE10F2_mC72_15_e_a_bf_e_5f_f,ABC3DE10F2_mC72_15_e_a_bf_e_5f_f,1.2958,None,"['20170131_00:32:29_GMT-5', '20170201_00:11:45_GMT-5', '20210902_11:15:20_GMT-4']",3.2.11,
aflow:46fd92abbf1acb54,Na2O24P6Ti4,downloaded,E:\work\worklist\pull_file\aflow_nasicon\cif\Na2O24P6Ti4__ICSD__46fd92abbf1acb54.cif,Na1O12P3Ti2_ICSD_20776.cif,https://aflowlib.duke.edu/AFLOWDATA/ICSD_WEB/RHL/Na1O12P3Ti2_ICSD_20776/Na1O12P3Ti2_ICSD_20776.cif,aflowlib.duke.edu:AFLOWDATA/ICSD_WEB/RHL/Na1O12P3Ti2_ICSD_20776,ICSD,"Na,O,P,Ti",4,36,167,167,hR36,hR36,AB12C3D2_hR36_167_b_2f_e_c,AB12C3D2_hR36_167_b_2f_e_c,2.8474,None,"['20140918_05:27:51_GMT-4', '20140921_02:47:10_GMT-4', '20210830_17:16:59_GMT-4']",3.2.11,
aflow:485ca9e797a1b0cf,Co1Na2O14P4Zr1,downloaded,E:\work\worklist\pull_file\aflow_nasicon\cif\Co1Na2O14P4Zr1__ICSD__485ca9e797a1b0cf.cif,Co1Na2O14P4Zr1_ICSD_65704.cif,https://aflowlib.duke.edu/AFLOWDATA/ICSD_WEB/TRI/Co1Na2O14P4Zr1_ICSD_65704/Co1Na2O14P4Zr1_ICSD_65704.cif,aflowlib.duke.edu:AFLOWDATA/ICSD_WEB/TRI/Co1Na2O14P4Zr1_ICSD_65704,ICSD,"Co,Na,O,P,Zr",5,22,1,1,aP22,aP22,AB2C14D4E_aP22_1_a_2a_14a_4a_a,AB2C14D4E_aP22_1_a_2a_14a_4a_a,3.6688,None,"['20160121_18:21:35_GMT-5', '20160127_06:47:47_GMT-5', '20210831_03:53:12_GMT-4']",3.2.11,
aflow:4e41374d9b33dabd,Ga2H4Na6O18P4,downloaded,E:\work\worklist\pull_file\aflow_nasicon\cif\Ga2H4Na6O18P4__ICSD__4e41374d9b33dabd.cif,Ga1H2Na3O9P2_ICSD_84644.cif,https://aflowlib.duke.edu/AFLOWDATA/ICSD_WEB/MCLC/Ga1H2Na3O9P2_ICSD_84644/Ga1H2Na3O9P2_ICSD_84644.cif,aflowlib.duke.edu:AFLOWDATA/ICSD_WEB/MCLC/Ga1H2Na3O9P2_ICSD_84644,ICSD,"Ga,H,Na,O,P",5,34,12,12,mS68,mS68,AB2C3D9E2_mC68_12_e_2i_fgi_5i2j_2i,AB2C3D9E2_mC68_12_e_2i_fgi_5i2j_2i,4.0409,None,"['20150110_14:47:28_GMT-5', '20150112_13:05:28_GMT-5', '20210902_15:37:23_GMT-4']",3.2.11,
aflow:527716e321467bfb,Na2O24P6Sn4,downloaded,E:\work\worklist\pull_file\aflow_nasicon\cif\Na2O24P6Sn4__ICSD__527716e321467bfb.cif,Na1O12P3Sn2_ICSD_72217.cif,https://aflowlib.duke.edu/AFLOWDATA/ICSD_WEB/RHL/Na1O12P3Sn2_ICSD_72217/Na1O12P3Sn2_ICSD_72217.cif,aflowlib.duke.edu:AFLOWDATA/ICSD_WEB/RHL/Na1O12P3Sn2_ICSD_72217,ICSD,"Na,O,P,Sn",4,36,167,167,hR36,hR36,AB12C3D2_hR36_167_b_2f_e_c,AB12C3D2_hR36_167_b_2f_e_c,2.4028,None,"['20170420_13:34:58_GMT-4', '20170421_03:03:21_GMT-4', '20210830_21:59:36_GMT-4']",3.2.11,
aflow:564d71ad5162e028,H2Na6O18P4V2,downloaded,E:\work\worklist\pull_file\aflow_nasicon\cif\H2Na6O18P4V2__ICSD__564d71ad5162e028.cif,H1Na3O9P2V1_ICSD_50760.cif,https://aflowlib.duke.edu/AFLOWDATA/ICSD_WEB/MCL/H1Na3O9P2V1_ICSD_50760/H1Na3O9P2V1_ICSD_50760.cif,aflowlib.duke.edu:AFLOWDATA/ICSD_WEB/MCL/H1Na3O9P2V1_ICSD_50760,ICSD,"H,Na,O,P,V",5,32,11,11,mP32,mP32,AB3C9D2E_mP32_11_a_ef_5e2f_2e_e,AB3C9D2E_mP32_11_a_ef_5e2f_2e_e,0.6193,None,"['20161129_06:28:05_GMT-5', '20161203_09:16:42_GMT-5', '20210901_00:33:30_GMT-4']",3.2.11,
aflow:583812fe33fb7fc1,Na2O24P6Zr4,downloaded,E:\work\worklist\pull_file\aflow_nasicon\cif\Na2O24P6Zr4__ICSD__583812fe33fb7fc1.cif,Na1O12P3Zr2_ICSD_9546.cif,https://aflowlib.duke.edu/AFLOWDATA/ICSD_WEB/RHL/Na1O12P3Zr2_ICSD_9546/Na1O12P3Zr2_ICSD_9546.cif,aflowlib.duke.edu:AFLOWDATA/ICSD_WEB/RHL/Na1O12P3Zr2_ICSD_9546,ICSD,"Na,O,P,Zr",4,36,167,167,hR36,hR36,AB12C3D2_hR36_167_b_2f_e_c,AB12C3D2_hR36_167_b_2f_e_c,4.1897,-2.74294,"['20140706_03:33:49_GMT-4', '20140708_05:04:21_GMT-4', '20210830_20:08:48_GMT-4']",3.2.11,
aflow:58df2f074bb8856a,In2Na6O16P4,downloaded,E:\work\worklist\pull_file\aflow_nasicon\cif\In2Na6O16P4__ICSD__58df2f074bb8856a.cif,In1Na3O8P2_ICSD_87833.cif,https://aflowlib.duke.edu/AFLOWDATA/ICSD_WEB/MCL/In1Na3O8P2_ICSD_87833/In1Na3O8P2_ICSD_87833.cif,aflowlib.duke.edu:AFLOWDATA/ICSD_WEB/MCL/In1Na3O8P2_ICSD_87833,ICSD,"In,Na,O,P",4,28,11,11,mP28,mP28,AB3C8D2_mP28_11_e_3e_4e2f_2e,AB3C8D2_mP28_11_e_3e_4e2f_2e,3.3914,None,"['20150122_11:17:33_GMT-5', '20150125_22:45:42_GMT-5', '20210901_05:27:18_GMT-4']",3.2.11,
aflow:5a5b20c0eecaa76d,Fe6Na2O24P6,downloaded,E:\work\worklist\pull_file\aflow_nasicon\cif\Fe6Na2O24P6__ICSD__5a5b20c0eecaa76d.cif,Fe3Na1O12P3_ICSD_61696.cif,https://aflowlib.duke.edu/AFLOWDATA/ICSD_WEB/MCLC/Fe3Na1O12P3_ICSD_61696/Fe3Na1O12P3_ICSD_61696.cif,aflowlib.duke.edu:AFLOWDATA/ICSD_WEB/MCLC/Fe3Na1O12P3_ICSD_61696,ICSD,"Fe,Na,O,P",4,38,15,15,mS76,mS76,A3BC12D3_mC76_15_ef_e_6f_ef,A3BC12D3_mC76_15_ef_e_6f_ef,0.4552,None,"['20170429_19:41:17_GMT-4', '20170501_06:24:50_GMT-4', '20210902_10:01:27_GMT-4']",3.2.11,
aflow:5dbe2acddc75dcd1,Na2Ni1O14P4Zr1,downloaded,E:\work\worklist\pull_file\aflow_nasicon\cif\Na2Ni1O14P4Zr1__ICSD__5dbe2acddc75dcd1.cif,Na2Ni1O14P4Zr1_ICSD_65703.cif,https://aflowlib.duke.edu/AFLOWDATA/ICSD_WEB/TRI/Na2Ni1O14P4Zr1_ICSD_65703/Na2Ni1O14P4Zr1_ICSD_65703.cif,aflowlib.duke.edu:AFLOWDATA/ICSD_WEB/TRI/Na2Ni1O14P4Zr1_ICSD_65703,ICSD,"Na,Ni,O,P,Zr",5,22,1,1,aP22,aP22,A2BC14D4E_aP22_1_2a_a_14a_4a_a,A2BC14D4E_aP22_1_2a_a_14a_4a_a,3.4487,None,"['20160123_22:34:46_GMT-5', '20160127_18:35:40_GMT-5', '20210830_23:00:31_GMT-4']",3.2.11,
aflow:6cdc966b9ccbff1e,Na4O20P4V4,downloaded,E:\work\worklist\pull_file\aflow_nasicon\cif\Na4O20P4V4__ICSD__6cdc966b9ccbff1e.cif,Na1O5P1V1_ICSD_188088.cif,https://aflowlib.duke.edu/AFLOWDATA/ICSD_WEB/MCL/Na1O5P1V1_ICSD_188088/Na1O5P1V1_ICSD_188088.cif,aflowlib.duke.edu:AFLOWDATA/ICSD_WEB/MCL/Na1O5P1V1_ICSD_188088,ICSD,"Na,O,P,V",4,32,14,14,mP32,mP32,AB5CD_mP32_14_e_5e_e_e,AB5CD_mP32_14_e_5e_e_e,1.1018,None,"['20161211_09:20:16_GMT-5', '20161214_04:21:05_GMT-5', '20210901_11:52:37_GMT-4']",3.2.11,
aflow:707863fba6faa790,Na2O24P6Zr4,downloaded,E:\work\worklist\pull_file\aflow_nasicon\cif\Na2O24P6Zr4__ICSD__707863fba6faa790.cif,Na1O12P3Zr2_ICSD_467.cif,https://aflowlib.duke.edu/AFLOWDATA/ICSD_WEB/RHL/Na1O12P3Zr2_ICSD_467/Na1O12P3Zr2_ICSD_467.cif,aflowlib.duke.edu:AFLOWDATA/ICSD_WEB/RHL/Na1O12P3Zr2_ICSD_467,ICSD,"Na,O,P,Zr",4,36,167,167,hR36,hR36,AB12C3D2_hR36_167_b_2f_e_c,AB12C3D2_hR36_167_b_2f_e_c,4.2046,-2.74291,"['20140714_11:44:54_GMT-4', '20140717_00:11:23_GMT-4', '20210830_21:51:19_GMT-4']",3.2.11,
aflow:73640853c6bc1f70,Na4O16P4V2,downloaded,E:\work\worklist\pull_file\aflow_nasicon\cif\Na4O16P4V2__ICSD__73640853c6bc1f70.cif,Na2O8P2V1_ICSD_50376.cif,https://aflowlib.duke.edu/AFLOWDATA/ICSD_WEB/TET/Na2O8P2V1_ICSD_50376/Na2O8P2V1_ICSD_50376.cif,aflowlib.duke.edu:AFLOWDATA/ICSD_WEB/TET/Na2O8P2V1_ICSD_50376,ICSD,"Na,O,P,V",4,26,100,100,tP26,tP26,A2B8C2D_tP26_100_c_abcd_c_a,A2B8C2D_tP26_100_c_abcd_c_a,2.4781,None,"['20160528_01:24:57_GMT-4', '20160528_21:44:45_GMT-4', '20210902_21:00:34_GMT-4']",3.2.11,
aflow:786e8567592df92e,Al4N4Na12O36P12,downloaded,E:\work\worklist\pull_file\aflow_nasicon\cif\Al4N4Na12O36P12__ICSD__786e8567592df92e.cif,Al1N1Na3O9P3_ICSD_78373.cif,https://aflowlib.duke.edu/AFLOWDATA/ICSD_WEB/CUB/Al1N1Na3O9P3_ICSD_78373/Al1N1Na3O9P3_ICSD_78373.cif,aflowlib.duke.edu:AFLOWDATA/ICSD_WEB/CUB/Al1N1Na3O9P3_ICSD_78373,ICSD,"Al,N,Na,O,P",5,68,198,198,cP68,cP68,ABC3D9E3_cP68_198_a_a_3a_3b_b,ABC3D9E3_cP68_198_a_a_3a_3b_b,5.0104,-2.2757,"['20140609_14:42:58_GMT-4', '20140612_11:53:00_GMT-4', '20210901_15:22:54_GMT-4']",3.2.11,
aflow:795dd837535d493c,Na10O26P2Si4Ti4,downloaded,E:\work\worklist\pull_file\aflow_nasicon\cif\Na10O26P2Si4Ti4__ICSD__795dd837535d493c.cif,Na5O13P1Si2Ti2_ICSD_34069.cif,https://aflowlib.duke.edu/AFLOWDATA/ICSD_WEB/TRI/Na5O13P1Si2Ti2_ICSD_34069/Na5O13P1Si2Ti2_ICSD_34069.cif,aflowlib.duke.edu:AFLOWDATA/ICSD_WEB/TRI/Na5O13P1Si2Ti2_ICSD_34069,ICSD,"Na,O,P,Si,Ti",5,46,2,2,aP46,aP46,A5B13CD2E2_aP46_2_5i_13i_i_2i_2i,A5B13CD2E2_aP46_2_5i_13i_i_2i_2i,3.0069,None,"['20170622_12:07:59_GMT-4', '20170623_16:57:28_GMT-4', '20210831_00:06:07_GMT-4']",3.2.11,
aflow:7a136fd411c5d985,Ge4Na2O24P6,downloaded,E:\work\worklist\pull_file\aflow_nasicon\cif\Ge4Na2O24P6__ICSD__7a136fd411c5d985.cif,Ge2Na1O12P3_ICSD_164019.cif,https://aflowlib.duke.edu/AFLOWDATA/ICSD_WEB/RHL/Ge2Na1O12P3_ICSD_164019/Ge2Na1O12P3_ICSD_164019.cif,aflowlib.duke.edu:AFLOWDATA/ICSD_WEB/RHL/Ge2Na1O12P3_ICSD_164019,ICSD,"Ge,Na,O,P",4,36,148,148,hR36,hR36,A2BC12D3_hR36_148_2c_ab_4f_f,A2BC12D3_hR36_148_2c_ab_4f_f,3.7664,-2.04558,"['20170420_08:56:01_GMT-4', '20170421_02:32:01_GMT-4', '20210830_20:21:53_GMT-4']",3.2.11,
aflow:8226819e151654fb,Na2O24P6Sn4,downloaded,E:\work\worklist\pull_file\aflow_nasicon\cif\Na2O24P6Sn4__ICSD__8226819e151654fb.cif,Na1O12P3Sn2_ICSD_72215.cif,https://aflowlib.duke.edu/AFLOWDATA/ICSD_WEB/RHL/Na1O12P3Sn2_ICSD_72215/Na1O12P3Sn2_ICSD_72215.cif,aflowlib.duke.edu:AFLOWDATA/ICSD_WEB/RHL/Na1O12P3Sn2_ICSD_72215,ICSD,"Na,O,P,Sn",4,36,148,148,hR36,hR36,AB12C3D2_hR36_148_ab_4f_f_2c,AB12C3D2_hR36_148_ab_4f_f_2c,2.8794,None,"['20170420_12:46:08_GMT-4', '20170421_00:35:08_GMT-4', '20210830_19:21:48_GMT-4']",3.2.11,
aflow:8436ca12216007a2,Cl1Na9O16P4Zr1,downloaded,E:\work\worklist\pull_file\aflow_nasicon\cif\Cl1Na9O16P4Zr1__ICSD__8436ca12216007a2.cif,Cl1Na9O16P4Zr1_ICSD_62973.cif,https://aflowlib.duke.edu/AFLOWDATA/ICSD_WEB/TRI/Cl1Na9O16P4Zr1_ICSD_62973/Cl1Na9O16P4Zr1_ICSD_62973.cif,aflowlib.duke.edu:AFLOWDATA/ICSD_WEB/TRI/Cl1Na9O16P4Zr1_ICSD_62973,ICSD,"Cl,Na,O,P,Zr",5,31,1,1,aP31,aP31,AB9C16D4E_aP31_1_a_9a_16a_4a_a,AB9C16D4E_aP31_1_a_9a_16a_4a_a,3.974,-2.35426,"['20161020_02:34:03_GMT-4', '20161024_21:26:46_GMT-4', '20210830_23:41:14_GMT-4']",3.2.11,
aflow:8666c057764d9c8d,Na4O20P4Ti4,downloaded,E:\work\worklist\pull_file\aflow_nasicon\cif\Na4O20P4Ti4__ICSD__8666c057764d9c8d.cif,Na1O5P1Ti1_ICSD_67538.cif,https://aflowlib.duke.edu/AFLOWDATA/ICSD_WEB/MCL/Na1O5P1Ti1_ICSD_67538/Na1O5P1Ti1_ICSD_67538.cif,aflowlib.duke.edu:AFLOWDATA/ICSD_WEB/MCL/Na1O5P1Ti1_ICSD_67538,ICSD,"Na,O,P,Ti",4,32,14,14,mP32,mP32,AB5CD_mP32_14_e_5e_e_e,AB5CD_mP32_14_e_5e_e_e,3.2625,None,"['20150109_14:41:06_GMT-5', '20150112_07:46:21_GMT-5', '20210901_10:01:07_GMT-4']",3.2.11,
aflow:86a1c7aaf4451249,B2H6Na2O20P4V2,downloaded,E:\work\worklist\pull_file\aflow_nasicon\cif\B2H6Na2O20P4V2__ICSD__86a1c7aaf4451249.cif,B1H3Na1O10P2V1_ICSD_409651.cif,https://aflowlib.duke.edu/AFLOWDATA/ICSD_WEB/MCLC/B1H3Na1O10P2V1_ICSD_409651/B1H3Na1O10P2V1_ICSD_409651.cif,aflowlib.duke.edu:AFLOWDATA/ICSD_WEB/MCLC/B1H3Na1O10P2V1_ICSD_409651,ICSD,"B,H,Na,O,P,V",6,36,15,15,mS72,mS72,AB3CD10E2F_mC72_15_e_cf_e_5f_f_d,AB3CD10E2F_mC72_15_e_cf_e_5f_f_d,1.1244,None,"['20150104_06:25:36_GMT-5', '20150104_20:15:32_GMT-5', '20210902_14:40:10_GMT-4']",3.2.11,
aflow:9100c929dec0d3b1,Al2Ca4Na10O32P8,downloaded,E:\work\worklist\pull_file\aflow_nasicon\cif\Al2Ca4Na10O32P8__ICSD__9100c929dec0d3b1.cif,Al1Ca2Na5O16P4_ICSD_400310.cif,https://aflowlib.duke.edu/AFLOWDATA/ICSD_WEB/MCLC/Al1Ca2Na5O16P4_ICSD_400310/Al1Ca2Na5O16P4_ICSD_400310.cif,aflowlib.duke.edu:AFLOWDATA/ICSD_WEB/MCLC/Al1Ca2Na5O16P4_ICSD_400310,ICSD,"Al,Ca,Na,O,P",5,56,9,9,mS112,mS112,AB2C5D16E4_mC112_9_a_2a_5a_16a_4a,AB2C5D16E4_mC112_9_a_2a_5a_16a_4a,4.6569,-2.56394,"['20131009_10:15:52_GMT-4', '20131012_23:51:17_GMT-4', '20210902_15:26:20_GMT-4']",3.2.11,
aflow:91f4a3be1ea7542c,Na4O20P4V4,downloaded,E:\work\worklist\pull_file\aflow_nasicon\cif\Na4O20P4V4__ICSD__91f4a3be1ea7542c.cif,Na1O5P1V1_ICSD_66355.cif,https://aflowlib.duke.edu/AFLOWDATA/ICSD_WEB/MCL/Na1O5P1V1_ICSD_66355/Na1O5P1V1_ICSD_66355.cif,aflowlib.duke.edu:AFLOWDATA/ICSD_WEB/MCL/Na1O5P1V1_ICSD_66355,ICSD,"Na,O,P,V",4,32,14,14,mP32,mP32,AB5CD_mP32_14_e_5e_e_e,AB5CD_mP32_14_e_5e_e_e,1.0993,None,"['20161117_23:21:37_GMT-5', '20161119_22:17:19_GMT-5', '20210901_02:04:15_GMT-4']",3.2.11,
aflow:9b8d91399f9a395d,Fe4Na6O24P6,downloaded,E:\work\worklist\pull_file\aflow_nasicon\cif\Fe4Na6O24P6__ICSD__9b8d91399f9a395d.cif,Fe2Na3O12P3_ICSD_66405.cif,https://aflowlib.duke.edu/AFLOWDATA/ICSD_WEB/MCLC/Fe2Na3O12P3_ICSD_66405/Fe2Na3O12P3_ICSD_66405.cif,aflowlib.duke.edu:AFLOWDATA/ICSD_WEB/MCLC/Fe2Na3O12P3_ICSD_66405,ICSD,"Fe,Na,O,P",4,40,15,15,mS80,mS80,A2B3C12D3_mC80_15_f_af_6f_ef,A2B3C12D3_mC80_15_f_af_6f_ef,2.1177,None,"['20170511_10:05:16_GMT-4', '20170513_01:24:39_GMT-4', '20210902_09:48:24_GMT-4']",3.2.11,
aflow:a214a741f9a8224d,Fe4Na4O16P4,downloaded,E:\work\worklist\pull_file\aflow_nasicon\cif\Fe4Na4O16P4__ICSD__a214a741f9a8224d.cif,Fe1Na1O4P1_ICSD_56292.cif,https://aflowlib.duke.edu/AFLOWDATA/ICSD_WEB/ORC/Fe1Na1O4P1_ICSD_56292/Fe1Na1O4P1_ICSD_56292.cif,aflowlib.duke.edu:AFLOWDATA/ICSD_WEB/ORC/Fe1Na1O4P1_ICSD_56292,ICSD,"Fe,Na,O,P",4,28,62,62,oP28,oP28,ABC4D_oP28_62_a_c_2cd_c,ABC4D_oP28_62_a_c_2cd_c,3.5009,None,"['20160729_17:22:01_GMT-4', '20160730_16:26:02_GMT-4', '20210901_21:09:32_GMT-4']",3.2.11,
aflow:a3e65ad64dd88aec,Na10O26P2Si4Ti4,downloaded,E:\work\worklist\pull_file\aflow_nasicon\cif\Na10O26P2Si4Ti4__ICSD__a3e65ad64dd88aec.cif,Na5O13P1Si2Ti2_ICSD_200169.cif,https://aflowlib.duke.edu/AFLOWDATA/ICSD_WEB/TRI/Na5O13P1Si2Ti2_ICSD_200169/Na5O13P1Si2Ti2_ICSD_200169.cif,aflowlib.duke.edu:AFLOWDATA/ICSD_WEB/TRI/Na5O13P1Si2Ti2_ICSD_200169,ICSD,"Na,O,P,Si,Ti",5,46,2,2,aP46,aP46,A5B13CD2E2_aP46_2_5i_13i_i_2i_2i,A5B13CD2E2_aP46_2_5i_13i_i_2i_2i,3.0117,None,"['20170622_10:52:59_GMT-4', '20170624_02:40:37_GMT-4', '20210831_01:48:22_GMT-4']",3.2.11,
aflow:a7cce88d97eeef89,Na2O24P6Ti4,downloaded,E:\work\worklist\pull_file\aflow_nasicon\cif\Na2O24P6Ti4__ICSD__a7cce88d97eeef89.cif,Na1O12P3Ti2_ICSD_203041.cif,https://aflowlib.duke.edu/AFLOWDATA/ICSD_WEB/RHL/Na1O12P3Ti2_ICSD_203041/Na1O12P3Ti2_ICSD_203041.cif,aflowlib.duke.edu:AFLOWDATA/ICSD_WEB/RHL/Na1O12P3Ti2_ICSD_203041,ICSD,"Na,O,P,Ti",4,36,167,167,hR36,hR36,AB12C3D2_hR36_167_b_2f_e_c,AB12C3D2_hR36_167_b_2f_e_c,2.8473,None,"['20170420_14:54:51_GMT-4', '20170421_03:41:16_GMT-4', '20210830_20:52:03_GMT-4']",3.2.11,
aflow:aec91c47539005a7,Na4O28P8Ti4,downloaded,E:\work\worklist\pull_file\aflow_nasicon\cif\Na4O28P8Ti4__ICSD__aec91c47539005a7.cif,Na1O7P2Ti1_ICSD_202751.cif,https://aflowlib.duke.edu/AFLOWDATA/ICSD_WEB/MCL/Na1O7P2Ti1_ICSD_202751/Na1O7P2Ti1_ICSD_202751.cif,aflowlib.duke.edu:AFLOWDATA/ICSD_WEB/MCL/Na1O7P2Ti1_ICSD_202751,ICSD,"Na,O,P,Ti",4,44,14,14,mP44,mP44,AB7C2D_mP44_14_e_7e_2e_e,AB7C2D_mP44_14_e_7e_2e_e,2.9909,None,"['20170603_15:31:17_GMT-4', '20170604_19:31:58_GMT-4', '20210901_04:09:40_GMT-4']",3.2.11,
aflow:b3a3e76c0dab5d45,Na2O24P6V6,downloaded,E:\work\worklist\pull_file\aflow_nasicon\cif\Na2O24P6V6__ICSD__b3a3e76c0dab5d45.cif,Na1O12P3V3_ICSD_202911.cif,https://aflowlib.duke.edu/AFLOWDATA/ICSD_WEB/ORCI/Na1O12P3V3_ICSD_202911/Na1O12P3V3_ICSD_202911.cif,aflowlib.duke.edu:AFLOWDATA/ICSD_WEB/ORCI/Na1O12P3V3_ICSD_202911,ICSD,"Na,O,P,V",4,38,74,74,oI76,oI76,AB12C3D3_oI76_74_e_hi2j_ef_cf,AB12C3D3_oI76_74_e_hi2j_ef_cf,0,None,"['20130411_12:46:45_GMT-4', '20130416_11:59:57_GMT-4', '20210830_22:51:39_GMT-4']",3.2.11,
aflow:b95cd53b22f0600a,Na4O20P4V4,downloaded,E:\work\worklist\pull_file\aflow_nasicon\cif\Na4O20P4V4__ICSD__b95cd53b22f0600a.cif,Na1O5P1V1_ICSD_87547.cif,https://aflowlib.duke.edu/AFLOWDATA/ICSD_WEB/MCL/Na1O5P1V1_ICSD_87547/Na1O5P1V1_ICSD_87547.cif,aflowlib.duke.edu:AFLOWDATA/ICSD_WEB/MCL/Na1O5P1V1_ICSD_87547,ICSD,"Na,O,P,V",4,32,14,14,mP32,mP32,AB5CD_mP32_14_e_5e_e_e,AB5CD_mP32_14_e_5e_e_e,1.0829,None,"['20161023_20:13:17_GMT-4', '20161025_18:10:22_GMT-4', '20210901_05:19:19_GMT-4']",3.2.11,
aflow:bbd93995d3b84726,Na2O24P6Sn8,downloaded,E:\work\worklist\pull_file\aflow_nasicon\cif\Na2O24P6Sn8__ICSD__bbd93995d3b84726.cif,Na1O12P3Sn4_ICSD_409786.cif,https://aflowlib.duke.edu/AFLOWDATA/ICSD_WEB/RHL/Na1O12P3Sn4_ICSD_409786/Na1O12P3Sn4_ICSD_409786.cif,aflowlib.duke.edu:AFLOWDATA/ICSD_WEB/RHL/Na1O12P3Sn4_ICSD_409786,ICSD,"Na,O,P,Sn",4,40,161,161,hR40,hR40,AB12C3D4_hR40_161_a_4b_b_ab,AB12C3D4_hR40_161_a_4b_b_ab,3.7379,None,"['20130715_16:28:56_GMT-4', '20130718_14:00:26_GMT-4', '20210830_17:23:45_GMT-4']",3.2.11,
aflow:bf570703051a849d,C2Fe2Na6O14P2,downloaded,E:\work\worklist\pull_file\aflow_nasicon\cif\C2Fe2Na6O14P2__ICSD__bf570703051a849d.cif,C1Fe1Na3O7P1_ICSD_77053.cif,https://aflowlib.duke.edu/AFLOWDATA/ICSD_WEB/MCL/C1Fe1Na3O7P1_ICSD_77053/C1Fe1Na3O7P1_ICSD_77053.cif,aflowlib.duke.edu:AFLOWDATA/ICSD_WEB/MCL/C1Fe1Na3O7P1_ICSD_77053,ICSD,"C,Fe,Na,O,P",5,26,11,11,mP26,mP26,ABC3D7E_mP26_11_e_e_ef_5ef_e,ABC3D7E_mP26_11_e_e_ef_5ef_e,3.2388,None,"['20140819_21:37:02_GMT-4', '20140822_01:28:59_GMT-4', '20210901_06:32:17_GMT-4']",3.2.11,
aflow:c7ee9bb4cb8456b1,Na2O24P6Sn4,downloaded,E:\work\worklist\pull_file\aflow_nasicon\cif\Na2O24P6Sn4__ICSD__c7ee9bb4cb8456b1.cif,Na1O12P3Sn2_ICSD_72218.cif,https://aflowlib.duke.edu/AFLOWDATA/ICSD_WEB/RHL/Na1O12P3Sn2_ICSD_72218/Na1O12P3Sn2_ICSD_72218.cif,aflowlib.duke.edu:AFLOWDATA/ICSD_WEB/RHL/Na1O12P3Sn2_ICSD_72218,ICSD,"Na,O,P,Sn",4,36,167,167,hR36,hR36,AB12C3D2_hR36_167_b_2f_e_c,AB12C3D2_hR36_167_b_2f_e_c,2.3997,None,"['20170420_13:43:20_GMT-4', '20170421_07:25:55_GMT-4', '20210830_21:48:25_GMT-4']",3.2.11,
aflow:d14019cdf342eb4c,Fe2Na6O16P4,downloaded,E:\work\worklist\pull_file\aflow_nasicon\cif\Fe2Na6O16P4__ICSD__d14019cdf342eb4c.cif,Fe1Na3O8P2_ICSD_93790.cif,https://aflowlib.duke.edu/AFLOWDATA/ICSD_WEB/MCLC/Fe1Na3O8P2_ICSD_93790/Fe1Na3O8P2_ICSD_93790.cif,aflowlib.duke.edu:AFLOWDATA/ICSD_WEB/MCLC/Fe1Na3O8P2_ICSD_93790,ICSD,"Fe,Na,O,P",4,28,15,15,mS56,mS56,AB3C8D2_mC56_15_c_ef_4f_f,AB3C8D2_mC56_15_c_ef_4f_f,2.2581,None,"['20160619_21:02:24_GMT-4', '20160621_11:29:33_GMT-4', '20210902_13:42:47_GMT-4']",3.2.11,
aflow:d20206f401b0c3e4,Na4O20P4V4,downloaded,E:\work\worklist\pull_file\aflow_nasicon\cif\Na4O20P4V4__ICSD__d20206f401b0c3e4.cif,Na1O5P1V1_ICSD_33944.cif,https://aflowlib.duke.edu/AFLOWDATA/ICSD_WEB/MCL/Na1O5P1V1_ICSD_33944/Na1O5P1V1_ICSD_33944.cif,aflowlib.duke.edu:AFLOWDATA/ICSD_WEB/MCL/Na1O5P1V1_ICSD_33944,ICSD,"Na,O,P,V",4,32,14,14,mP32,mP32,AB5CD_mP32_14_e_5e_e_e,AB5CD_mP32_14_e_5e_e_e,1.1107,None,"['20140711_06:06:45_GMT-4', '20140713_11:07:12_GMT-4', '20210901_04:13:44_GMT-4']",3.2.11,
aflow:d2b836205c66dae7,Mo4Na8O32P4Y4,downloaded,E:\work\worklist\pull_file\aflow_nasicon\cif\Mo4Na8O32P4Y4__ICSD__d2b836205c66dae7.cif,Mo1Na2O8P1Y1_ICSD_62509.cif,https://aflowlib.duke.edu/AFLOWDATA/ICSD_WEB/MCLC/Mo1Na2O8P1Y1_ICSD_62509/Mo1Na2O8P1Y1_ICSD_62509.cif,aflowlib.duke.edu:AFLOWDATA/ICSD_WEB/MCLC/Mo1Na2O8P1Y1_ICSD_62509,ICSD,"Mo,Na,O,P,Y",5,52,15,73,mS104,oI104,AB2C8DE_mC104_15_2e_2f_8f_f_f,AB2C8DE_oI104_73_d_f_4f_c_c,4.0793,None,"['20170808_16:19:52_GMT-4', '20170810_15:58:28_GMT-4', '20210902_12:11:44_GMT-4']",3.2.11,
aflow:d72e06224de36ef4,Ba6Na2Nb2O17P2,downloaded,E:\work\worklist\pull_file\aflow_nasicon\cif\Ba6Na2Nb2O17P2__ICSD__d72e06224de36ef4.cif,Ba6Na2Nb2O17P2_ICSD_249742.cif,https://aflowlib.duke.edu/AFLOWDATA/ICSD_WEB/HEX/Ba6Na2Nb2O17P2_ICSD_249742/Ba6Na2Nb2O17P2_ICSD_249742.cif,aflowlib.duke.edu:AFLOWDATA/ICSD_WEB/HEX/Ba6Na2Nb2O17P2_ICSD_249742,ICSD,"Ba,Na,Nb,O,P",5,29,164,164,hP29,hP29,A6B2C2D17E2_hP29_164_ab2d_c_d_de2i_d,A6B2C2D17E2_hP29_164_ab2d_c_d_de2i_d,3.2626,None,"['20141220_21:08:23_GMT-5', '20141222_11:45:40_GMT-5', '20210831_19:36:14_GMT-4']",3.2.11,
aflow:e048e115449ba00f,Al4Na4O28P8,downloaded,E:\work\worklist\pull_file\aflow_nasicon\cif\Al4Na4O28P8__ICSD__e048e115449ba00f.cif,Al1Na1O7P2_ICSD_400462.cif,https://aflowlib.duke.edu/AFLOWDATA/ICSD_WEB/MCL/Al1Na1O7P2_ICSD_400462/Al1Na1O7P2_ICSD_400462.cif,aflowlib.duke.edu:AFLOWDATA/ICSD_WEB/MCL/Al1Na1O7P2_ICSD_400462,ICSD,"Al,Na,O,P",4,44,14,14,mP44,mP44,ABC7D2_mP44_14_e_e_7e_2e,ABC7D2_mP44_14_e_e_7e_2e,5.2865,-2.49738,"['20140722_06:53:07_GMT-4', '20140725_11:28:54_GMT-4', '20210901_01:41:35_GMT-4']",3.2.11,
aflow:e3c2ff1a671efb2d,H14Na1O24P8Sc3,downloaded,E:\work\worklist\pull_file\aflow_nasicon\cif\H14Na1O24P8Sc3__ICSD__e3c2ff1a671efb2d.cif,H14Na1O24P8Sc3_ICSD_422568.cif,https://aflowlib.duke.edu/AFLOWDATA/ICSD_WEB/TRI/H14Na1O24P8Sc3_ICSD_422568/H14Na1O24P8Sc3_ICSD_422568.cif,aflowlib.duke.edu:AFLOWDATA/ICSD_WEB/TRI/H14Na1O24P8Sc3_ICSD_422568,ICSD,"H,Na,O,P,Sc",5,50,2,2,aP50,aP50,A14BC24D8E3_aP50_2_7i_b_12i_4i_ci,A14BC24D8E3_aP50_2_7i_b_12i_4i_ci,5.4016,None,"['20180720_12:35:25_GMT-4', '20180722_03:00:07_GMT-4', '20210831_04:15:27_GMT-4']",3.2.11,
aflow:e3c7544c55e489cf,Al2B2H6Na2O20P4,downloaded,E:\work\worklist\pull_file\aflow_nasicon\cif\Al2B2H6Na2O20P4__ICSD__e3c7544c55e489cf.cif,Al1B1H3Na1O10P2_ICSD_409427.cif,https://aflowlib.duke.edu/AFLOWDATA/ICSD_WEB/MCLC/Al1B1H3Na1O10P2_ICSD_409427/Al1B1H3Na1O10P2_ICSD_409427.cif,aflowlib.duke.edu:AFLOWDATA/ICSD_WEB/MCLC/Al1B1H3Na1O10P2_ICSD_409427,ICSD,"Al,B,H,Na,O,P",6,36,15,15,mS72,mS72,ABC3DE10F2_mC72_15_b_e_af_e_5f_f,ABC3DE10F2_mC72_15_a_e_bf_e_5f_f,5.7813,-2.1419,"['20141220_17:37:30_GMT-5', '20141223_15:06:25_GMT-5', '20210902_16:33:18_GMT-4']",3.2.11,
aflow:ebb5d8c23c7a1795,Na6O24P6Sc4,downloaded,E:\work\worklist\pull_file\aflow_nasicon\cif\Na6O24P6Sc4__ICSD__ebb5d8c23c7a1795.cif,Na3O12P3Sc2_ICSD_20740.cif,https://aflowlib.duke.edu/AFLOWDATA/ICSD_WEB/RHL/Na3O12P3Sc2_ICSD_20740/Na3O12P3Sc2_ICSD_20740.cif,aflowlib.duke.edu:AFLOWDATA/ICSD_WEB/RHL/Na3O12P3Sc2_ICSD_20740,ICSD,"Na,O,P,Sc",4,40,167,167,hR40,hR40,A3B12C3D2_hR40_167_e_2f_e_c,A3B12C3D2_hR40_167_e_2f_e_c,4.9394,None,"['20140701_03:44:11_GMT-4', '20140703_08:42:55_GMT-4', '20210830_17:47:29_GMT-4']",3.2.11,
aflow:ec4a314cb62d0953,Na2O24P6Ti4,downloaded,E:\work\worklist\pull_file\aflow_nasicon\cif\Na2O24P6Ti4__ICSD__ec4a314cb62d0953.cif,Na1O12P3Ti2_ICSD_203039.cif,https://aflowlib.duke.edu/AFLOWDATA/ICSD_WEB/RHL/Na1O12P3Ti2_ICSD_203039/Na1O12P3Ti2_ICSD_203039.cif,aflowlib.duke.edu:AFLOWDATA/ICSD_WEB/RHL/Na1O12P3Ti2_ICSD_203039,ICSD,"Na,O,P,Ti",4,36,167,167,hR36,hR36,AB12C3D2_hR36_167_b_2f_e_c,AB12C3D2_hR36_167_b_2f_e_c,2.8526,None,"['20170420_14:11:41_GMT-4', '20170421_00:32:06_GMT-4', '20210830_20:26:24_GMT-4']",3.2.11,
aflow:f1e8d3cbaaac171c,Ge8Na2O24P6,downloaded,E:\work\worklist\pull_file\aflow_nasicon\cif\Ge8Na2O24P6__ICSD__f1e8d3cbaaac171c.cif,Ge4Na1O12P3_ICSD_240922.cif,https://aflowlib.duke.edu/AFLOWDATA/ICSD_WEB/RHL/Ge4Na1O12P3_ICSD_240922/Ge4Na1O12P3_ICSD_240922.cif,aflowlib.duke.edu:AFLOWDATA/ICSD_WEB/RHL/Ge4Na1O12P3_ICSD_240922,ICSD,"Ge,Na,O,P",4,40,161,161,hR40,hR40,A4BC12D3_hR40_161_ab_a_4b_b,A4BC12D3_hR40_161_ab_a_4b_b,4.3979,-1.90094,"['20130805_09:51:10_GMT-4', '20130809_01:51:46_GMT-4', '20210830_21:32:52_GMT-4']",3.2.11,
aflow:f782c4b47ac6e51b,Fe4H8Na8O24P8,downloaded,E:\work\worklist\pull_file\aflow_nasicon\cif\Fe4H8Na8O24P8__ICSD__f782c4b47ac6e51b.cif,Fe1H2Na2O6P2_ICSD_414247.cif,https://aflowlib.duke.edu/AFLOWDATA/ICSD_WEB/ORC/Fe1H2Na2O6P2_ICSD_414247/Fe1H2Na2O6P2_ICSD_414247.cif,aflowlib.duke.edu:AFLOWDATA/ICSD_WEB/ORC/Fe1H2Na2O6P2_ICSD_414247,ICSD,"Fe,H,Na,O,P",5,52,62,62,oP52,oP52,AB2C2D6E2_oP52_62_c_2c_2c_2c2d_2c,AB2C2D6E2_oP52_62_c_2c_2c_2c2d_2c,3.677,None,"['20170810_12:39:19_GMT-4', '20170811_07:10:56_GMT-4', '20210902_01:15:04_GMT-4']",3.2.11,
aflow:f8cdeeb444377334,Al3F6Na15O24P6,downloaded,E:\work\worklist\pull_file\aflow_nasicon\cif\Al3F6Na15O24P6__ICSD__f8cdeeb444377334.cif,Al1F2Na5O8P2_ICSD_62645.cif,https://aflowlib.duke.edu/AFLOWDATA/ICSD_WEB/HEX/Al1F2Na5O8P2_ICSD_62645/Al1F2Na5O8P2_ICSD_62645.cif,aflowlib.duke.edu:AFLOWDATA/ICSD_WEB/HEX/Al1F2Na5O8P2_ICSD_62645,ICSD,"Al,F,Na,O,P",5,54,147,147,hP54,hP54,AB2C5D8E2_hP54_147_f_g_ab2deg_4g_g,AB2C5D8E2_hP54_147_f_g_ab2deg_4g_g,4.6784,-2.52543,"['20140908_21:11:25_GMT-4', '20140911_11:33:19_GMT-4', '20210831_14:20:53_GMT-4']",3.2.11,
