material_id,cif_path,formula,space_group,system,anion_type,log_sigma
MAT-001,../../../../cif/MAT-001__原始73_001__Na11.99Sc8P12O48__Cc_no9__row113.cif,Na11.99Sc8P12O48,Cc (9),NASICON,oxide,-3.5228787452803374
MAT-002,../../../../cif/MAT-002__原始73_002__Na12.04Zr8Si8.04P3.96O48__C2_c_no15__row114.cif,Na12.04Zr8Si8.04P3.96O48,C2/c (15),NASICON,oxide,-2.9355420107730814
MAT-003,../../../../cif/MAT-003__原始73_003__Na12.4Zr7.6Si8Sb0.4P4O48__P1_no1__row141.cif,Na12.4Zr7.6Si8Sb0.4P4O48,P1 (1),NASICON,oxide,-2.7399286120149253
MAT-004,../../../../cif/MAT-004__原始73_004__Na12Sc8P12O48__Cc_no9__row111.cif,Na3Sc2(PO4)3,Cc (9),NASICON,oxide,-3.5228787452803374
MAT-005,../../../../cif/MAT-005__原始73_005__Na12Sc8P12O48__Cc_no9__row120.cif,Na3Sc2(PO4)3,Cc (9),NASICON,oxide,-3.5228787452803374
MAT-006,../../../../cif/MAT-006__原始73_015__Na13.6Yb0.4Zr6.4Sc1.2Si8P4O48__P1_no1__row143.cif,Na13.6Yb0.4Zr6.4Sc1.2Si8P4O48,P1 (1),NASICON,oxide,-2.7904849854573692
MAT-007,../../../../cif/MAT-007__原始73_016__Na13.6Zr6.4Sc1.6Si8P4O48__P1_no1__row144.cif,Na13.6Zr6.4Sc1.6Si8P4O48,P1 (1),NASICON,oxide,-2.3979400086720375
MAT-008,../../../../cif/MAT-008__原始73_017__Na14Mg1Zr7Si8P4O48__P-1_no2__row150.cif,Na14MgZr7Si8(PO12)4,P-1 (2),NASICON,oxide,-2.619788758288394
MAT-009,../../../../cif/MAT-009__原始73_018__Na17.994Sc12P18O72__R-3c_no167__row112.cif,Na17.994Sc12P18O72,R-3c (167),NASICON,oxide,-3.5228787452803374
MAT-010,../../../../cif/MAT-010__原始73_019__Na18Sc12P18O72__Cc_no9__row121.cif,Na3Sc2(PO4)3,Cc (9),NASICON,oxide,-3.5228787452803374
MAT-015,../../../../cif/MAT-015__原始73_025__Na3P1S4__I-43m_no217__row080.cif,Na3PS4,I-43m (217),sulfide,sulfide,-3.036212172654445
MAT-016,../../../../cif/MAT-016__原始73_026__Na3P1Se4__I-43m_no217__row003.cif,Na3PSe4,I-43m (217),sulfide,sulfide,-2.9355420107730814
MAT-017,../../../../cif/MAT-017__原始73_027__Na3P1Se4__I-43m_no217__row007.cif,Na3PSe4,I-43m (217),sulfide,sulfide,-2.9355420107730814
MAT-018,../../../../cif/MAT-018__原始73_028__Na3Sb1S4__I-43m_no217__row042.cif,Na3SbS4,I-43m (217),sulfide,sulfide,-2.5086383061657274
MAT-023,../../../../cif/MAT-023__原始73_033__Na3Sb1Se4__I-43m_no217__row004.cif,Na3SbSe4,I-43m (217),sulfide,sulfide,-3.070581074285707
MAT-024,../../../../cif/MAT-024__Mn02_NZSP_Na3.4Zr1.8Mn0.2Si2PO12_C2c-024.cif,Na13.6Zr7.2Mn0.8Si8P4O48,C2/c (15),NASICON,oxide,-2.4814860601221125
MAT-025,../../../../cif/MAT-025__原始73_035__Na6P2S8__I-43m_no217__row083.cif,Na3PS4,I-43m (217),sulfide,sulfide,-3.036212172654445
MAT-026,../../../../cif/MAT-026__原始73_036__Na6P2S8__P-42_1c_no114__row035.cif,Na3PS4,P-42_1c (114),sulfide,sulfide,-2.469800301796918
MAT-027,../../../../cif/MAT-027__原始73_037__Na6P2S8__P-42_1c_no114__row040.cif,Na3PS4,P-42_1c (114),sulfide,sulfide,-2.469800301796918
MAT-028,../../../../cif/MAT-028__原始73_038__Na6P2S8__P-42_1c_no114__row074.cif,Na3PS4,P-42_1c (114),sulfide,sulfide,-3.036212172654445
MAT-035,../../../../cif/MAT-035__原始73_045__Na6P2S8__P-42_1c_no114__row082.cif,Na3PS4,P-42_1c (114),sulfide,sulfide,-3.036212172654445
MAT-036,../../../../cif/MAT-036__Na3SbS4_P-421c_average-064.cif,Na3SbS4,P-42_1c (114),sulfide,sulfide,-2.6777807052660805
MAT-037,../../../../cif/MAT-037__原始73_047__Na6Sb2S8__P-42_1c_no114__row088.cif,Na3SbS4,P-42_1c (114),sulfide,sulfide,-2.5228787452803374
MAT-038,../../../../cif/MAT-038__原始73_048__Na6Sb2Se8__I-43m_no217__row002.cif,Na3SbSe4,I-43m (217),sulfide,sulfide,-3.070581074285707
MAT-039,../../../../cif/MAT-039__原始73_049__Na6Sc4P6O24__C2_c_no15__row117.cif,Na3Sc2(PO4)3,C2/c (15),NASICON,oxide,-3.517126416391246
MAT-040,../../../../cif/MAT-040__原始73_050__Na6Sc4P6O24__Cc_no9__row118.cif,Na3Sc2(PO4)3,Cc (9),NASICON,oxide,-3.517126416391246
MAT-041,../../../../cif/MAT-041__原始73_051__Na6Sc4P6O24__Cc_no9__row119.cif,Na3Sc2(PO4)3,Cc (9),NASICON,oxide,-3.517126416391246
MAT-042,../../../../cif/MAT-042__原始73_052__Na6Sc4P6O24__R-3c_no167__row122.cif,Na3Sc2(PO4)3,R-3c (167),NASICON,oxide,-3.517126416391246
MAT-043,../../../../cif/MAT-043__na11sn2ps12-043.cif,Na11Sn2PS12,P4_3 (78),sulfide,sulfide,-2.431798275933005
MAT-044,../../../../cif/MAT-044__na11sn2sbs12-044.cif,Na11Sn2PS12,P1 (1),sulfide,sulfide,-3.2518119729937993
MAT-045,../../../../cif/MAT-045__Na₁₁.₂₅Sn₂.₂₅Sb₀.₇₅S₁₂-045.cif,Na89Sn17P7S96,P1 (1),sulfide,sulfide,-3.2924298239020637
MAT-046,../../../../cif/MAT-046__原始73_060__Na88Sn16P8S96__P4_3_no78__row047.cif,Na11Sn2PS12,P4_3 (78),sulfide,sulfide,-2.853871964321762
MAT-048,../../../../cif/MAT-048__原始73_062__结构去重_01__COD_1528406__Na3MgZr_PO43.cif,Na17.994Mg6Zr6P18O72,R-3c (167),NASICON,oxide,-6.0
MAT-049,../../../../cif/MAT-049__原始73_063__结构去重_02__COD_1531508__NaZr2_PO43.cif,NaZr2(PO4)3,R-3c (167),NASICON,oxide,-5.346787486224656
MAT-051,../../../../cif/MAT-051__原始73_065__结构去重_04__COD_1008765__Na3Cr2_PO43.cif,Na17.736Cr12P18O72,R-3c (167),NASICON,oxide,-6.769551078621726
MAT-052,../../../../cif/MAT-052__原始73_066__结构去重_05__COD_1008845__Na3Cr2_PO43.cif,Na17.46Cr12P18O72,R-3c (167),NASICON,oxide,-6.769551078621726
MAT-053,../../../../cif/MAT-053__原始73_067__结构去重_06__COD_1008846__Na3Cr2_PO43.cif,Na17.88Cr12P18O72,R-3c (167),NASICON,oxide,-6.769551078621726
MAT-054,../../../../cif/MAT-054__原始73_071__结构去重_10__COD_2225132__Na3V2_PO43.cif,Na17.988V12P18O72,R-3c (167),NASICON,oxide,-7.522878745280337
MAT-064,../../../../cif/MAT-064__Na2.88Sb0.88W0.12S4_I-43m_nominal_average-064.cif,Na5.76Sb1.76W0.24S8,I-43m (217),sulfide,sulfide,-2.193820026016113
MAT-073,../../../../cif/MAT-073__Na2ZrCl6_HT_Rietveld_P-3m1_asymmetric-073.cif,Na2ZrCl6,P-3m1 (164),halide,chloride,-7.200659450546419
MAT-077,../../../../cif/MAT-077__alpha_Na4P2S6_solid_state_RT_reconstructed-077.cif,Na2PS3,C2/m (12),sulfide,sulfide,-6.154901959985743
MAT-078,../../../../cif/MAT-078__V4-SUL-002__paper_or_si_direct__rsc_d0ta11008f3_Na4P2S6.cif,Na7.998P4S12,C2/m (12),sulfide,sulfide,-5.698970004336019
MAT-080,../../../../cif/MAT-080__NaNbCl6_Ridley2025_Rietveld-080.cif,NaNbCl6,P2_1/c (14),halide,chloride,-5.853871964321762
MAT-089,../../../../cif/MAT-089__PARK24-001__mp-648__Na2S__Fm-3m.cif,Na2S,Fm-3m (225),sulfide,sulfide,-7.0
MAT-090,../../../../cif/MAT-090__PARK24-002__mp-1266__Na2Se__Fm-3m.cif,Na2Se,Fm-3m (225),sulfide,sulfide,-13.0
MAT-091,../../../../cif/MAT-091__PARK24-003__mp-22862__NaCl__Fm-3m.cif,NaCl,Fm-3m (225),halide,chloride,-13.0
MAT-092,../../../../cif/MAT-092__PARK24-004__mp-23268__NaI__Fm-3m.cif,NaI,Fm-3m (225),halide,iodide,-9.698970004336019
MAT-093,../../../../cif/MAT-093__PARK24-005__mp-677437__Na3Zr2Si2PO12__P1.cif,Na3Zr2Si2PO12,P1 (1),NASICON,oxide,-3.1739251972991736
MAT-094,../../../../cif/MAT-094__PARK24-006__mp-695119__Na3Zr2Si2PO12__P1.cif,Na3Zr2Si2PO12,P1 (1),NASICON,oxide,-3.1739251972991736
MAT-095,../../../../cif/MAT-095__PARK24-007__mp-695354__Na3Zr2Si2PO12__P1.cif,Na3Zr2Si2PO12,P1 (1),NASICON,oxide,-3.1739251972991736
MAT-096,../../../../cif/MAT-096__PARK24-008__mp-1133351__Na3Zr2Si2PO12__P1.cif,Na3Zr2Si2PO12,P1 (1),NASICON,oxide,-3.1739251972991736
MAT-097,../../../../cif/MAT-097__PARK24-009__mp-1221148__Na3Zr2Si2PO12__Cc.cif,Na3Zr2Si2PO12,C2 (5),NASICON,oxide,-3.1739251972991736
MAT-098,../../../../cif/MAT-098__PARK24-010__mp-2713548__Na3Zr2Si2PO12__Cc.cif,Na3Zr2Si2PO12,Cc (9),NASICON,oxide,-3.1739251972991736
MAT-099,../../../../cif/MAT-099__PARK24-011__mp-2713573__Na3Zr2Si2PO12__Cc.cif,Na3Zr2Si2PO12,Cc (9),NASICON,oxide,-3.1739251972991736
MAT-100,../../../../cif/MAT-100__新增18_002__合并_02__新增_02__mp-2713308__Na3Hf2Si2PO12.cif,Na3Hf2Si2PO12,Cc (9),NASICON,oxide,-3.3381873144627385
MAT-118,../../../../cif/MAT-118__PARK24-037__mp-28542__Na3ErCl6__P21_c.cif,Na3ErCl6,P2_1/c (14),halide,chloride,-9.0
MAT-119,../../../../cif/MAT-119__PARK24-043__mp-1193265__Na3SbSe3__P213.cif,Na3SbSe3,P2_13 (198),sulfide,sulfide,-11.0
MAT-120,../../../../cif/MAT-120__PARK24-044__mp-4068__Na2GeS3__C2_c.cif,Na2GeS3,P2_1/c (14),sulfide,sulfide,-13.0
MAT-121,../../../../cif/MAT-121__PARK24-045__mp-29143__Na3VS4__P-421c.cif,Na3VS4,P-42_1c (114),sulfide,sulfide,-7.935542010773082
MAT-123,../../../../cif/MAT-123__PARK24-050__mp-1193673__Na3SbS3__P213.cif,Na3SbS3,P2_13 (198),sulfide,sulfide,-8.522878745280337
MAT-124,../../../../cif/MAT-124__BM-NaAlCl4_reconstructed-074.cif,NaAlCl4,P2_12_12_1 (19),halide,chloride,-5.4089353929735005
MAT-125,../../../../cif/MAT-125__HT200-NaAlCl4_reconstructed-086.cif,NaAlCl4,P2_12_12_1 (19),halide,chloride,-6.481486060122113
MAT-126,../../../../cif/MAT-126__MC-Na3InCl6_P21c_average-082.cif,Na3InCl6,P2_1/c (14),halide,chloride,-7.568636235841013
MAT-127,../../../../cif/MAT-127__Na2.9In0.9Zr0.1Cl6_P21c_average-082.cif,Na5.8Zr0.2In1.8Cl12,P2_1/c (14),halide,chloride,-6.468521082957745
MAT-128,../../../../cif/MAT-128__Na2.7In0.7Zr0.3Cl6_P21c_average-082.cif,Na5.4Zr0.6In1.4Cl12,P2_1/c (14),halide,chloride,-5.508638306165727
MAT-129,../../../../cif/MAT-129__Na2.5In0.5Zr0.5Cl6_P21c_average-082.cif,Na5ZrInCl12,P2_1/c (14),halide,chloride,-5.136677139879544
MAT-130,../../../../cif/MAT-130__Na2.3In0.3Zr0.7Cl6_P21c_average-082.cif,Na4.6Zr1.4In0.6Cl12,P2_1/c (14),halide,chloride,-5.008773924307505
MAT-131,../../../../cif/MAT-131__Na2.1In0.1Zr0.9Cl6_P21c_average_as_published_S4-082.cif,Na5Zr1.8In0.2Cl12,P2_1/c (14),halide,chloride,-4.886056647693163
MAT-132,../../../../cif/MAT-132__Na3BS3_monoclinic_C2c_crystal-075.cif,Na3BS3,C2/c (15),sulfide,sulfide,-9.431798275933005
MAT-133,../../../../cif/MAT-133__Na3BS3_trigonal_P3_metastable_HT200_average-075.cif,Na2B0.6666S2,P6_3mc (186),sulfide,sulfide,-7.920818753952375
MAT-134,../../../../cif/MAT-134__Na₄SnS₄-II-079.cif,Na4SnS4,I4_1/acd (142),sulfide,sulfide,-5.655607726314889
MAT-135,../../../../cif/MAT-135__Na₃.₉₉Sn₀.₉₉Sb₀.₀₁S₄-IIa-079.cif,Na95.84Sn23.76Sb0.24S96,I4_1/acd (142),sulfide,sulfide,-4.703334809738469
MAT-136,../../../../cif/MAT-136__Na₃.₉Sn₀.₉Sb₀.₁S₄-IIb-079.cif,Na93.76Sn21.6Sb2.4S96,I4_1/acd (142),sulfide,sulfide,-4.020907099361674
MAT-137,../../../../cif/MAT-137__83Na2S_17In2S3_metastable_average_P2-084.cif,Na5InS4,P2/m (10),sulfide,sulfide,-5.337242168318426
MAT-138,../../../../cif/MAT-138__icsd_300175-085.cif,Na5InS4,P2_1/m (11),sulfide,sulfide,-7.920818753952375
MAT-139,../../../../cif/MAT-139__icsd_25557-085.cif,NaInS2,R-3m (166),sulfide,sulfide,-10.853871964321762
MAT-140,../../../../cif/MAT-140__Na₃ZnGaS₄-087.cif,Na3ZnGaS4,I4_1/acd (142),sulfide,sulfide,-6.42712839779952
MAT-141,../../../../cif/MAT-141__Na₃ZnGaSe₄-088.cif,Na3ZnGaSe4,I4_1/acd (142),sulfide,sulfide,-3.9208187539523753
MAT-142,../../../../cif/MAT-142__Na6ZnS4_average_P63mc.cif,Na6ZnS4,P6_3mc (186),sulfide,sulfide,-8.853871964321762
MAT-143,../../../../cif/MAT-143__Na5.9Zn0.9Ga0.1S4_average_P63mc.cif,Na15.5668Zn1.8Ga0.2S8,P 63 m c (186) [from CIF header],sulfide,sulfide,-5.468521082957745
MAT-144,../../../../cif/MAT-144__Na5.8Zn0.8Ga0.2S4_average_P63mc.cif,Na11.60042Zn1.6Ga0.4S8,P6_3mc (186),sulfide,sulfide,-5.022276394711152
MAT-145,../../../../cif/MAT-145__Na5.7Zn0.7Ga0.3S4_average_P63mc.cif,Na16.83742Zn1.4Ga0.6S8,P 63 m c (186) [from CIF header],sulfide,sulfide,-4.342944147142896
MAT-146,../../../../cif/MAT-146__Na5.6Zn0.6Ga0.4S4_average_P63mc.cif,Na11.1997Zn1.2Ga0.8S8,P6_3mc (186),sulfide,sulfide,-4.154281982033341
MAT-147,../../../../cif/MAT-147__NZSP_Na3Zr2Si2PO12_C2c-024.cif,Na3Zr2Si2PO12,C2/c (15),NASICON,oxide,-3.0861861476162833
